id,pergunta,resposta,tags,fonte
1,"O que é uma reserva de emergência?","É uma quantia separada para despesas inesperadas ou períodos de queda de renda. A formação deve considerar a realidade financeira de cada pessoa.","reserva emergência orçamento","Conteúdo educacional interno"
2,"O que é CDI?","CDI é uma taxa de referência muito usada no mercado financeiro brasileiro, especialmente para produtos de renda fixa.","CDI renda fixa investimentos","Banco Central do Brasil e conteúdo educacional"
3,"O que é cartão de crédito?","Cartão de crédito permite realizar compras para pagamento posterior. O uso consciente exige acompanhar limite, fatura e capacidade de pagamento.","cartão crédito fatura","Conteúdo educacional interno"
4,"O que é score de crédito?","Score de crédito é um indicador usado por empresas em análises de risco. Ele não garante aprovação nem determina sozinho as condições de uma operação.","score crédito risco","Conteúdo educacional interno"
5,"Como controlar o orçamento?","Uma abordagem simples é registrar receitas e despesas, separar gastos fixos e variáveis e revisar periodicamente os objetivos financeiros.","orçamento despesas planejamento","Conteúdo educacional interno"
6,"O que é Pix?","Pix é um sistema brasileiro de pagamentos instantâneos que permite transferências e pagamentos em tempo real, conforme as regras do sistema.","pix pagamentos transferência","Banco Central do Brasil"
7,"O que é inflação?","Inflação é o aumento generalizado dos preços de bens e serviços ao longo do tempo, reduzindo o poder de compra da moeda.","inflação preços economia","Conteúdo educacional"
8,"O que são juros?","Juros representam o custo de utilizar dinheiro de terceiros ou a remuneração recebida pelo uso de um capital ao longo do tempo.","juros crédito dinheiro","Conteúdo educacional"
9,"O que são juros compostos?","Juros compostos são calculados sobre o valor inicial e também sobre os juros acumulados nos períodos anteriores.","juros compostos investimentos","Conteúdo educacional"
10,"O que é renda fixa?","Renda fixa reúne investimentos em que as regras de remuneração são definidas no momento da aplicação, embora o retorno e os riscos dependam do produto.","renda fixa investimentos","Conteúdo educacional"
11,"O que é renda variável?","Renda variável inclui investimentos cujo preço ou retorno pode variar ao longo do tempo, como ações e alguns fundos.","renda variável investimentos ações","Conteúdo educacional"
12,"O que é diversificação de investimentos?","Diversificação consiste em distribuir recursos entre diferentes investimentos para evitar concentração excessiva em uma única alternativa.","diversificação investimentos risco","Conteúdo educacional"
13,"O que é liquidez?","Liquidez é a facilidade e a rapidez com que um investimento pode ser convertido em dinheiro, considerando as regras do produto.","liquidez investimentos","Conteúdo educacional"
14,"O que é risco de investimento?","Risco de investimento é a possibilidade de o resultado obtido ser diferente do esperado, incluindo a possibilidade de perdas financeiras.","risco investimentos perdas","Conteúdo educacional"
15,"O que é CDB?","CDB é um título emitido por instituições financeiras para captar recursos. Sua remuneração e condições dependem do produto contratado.","CDB renda fixa investimentos","Conteúdo educacional"
16,"O que é Tesouro Direto?","Tesouro Direto é um programa que permite a pessoas físicas investirem em títulos públicos federais, seguindo as condições de cada título.","Tesouro Direto títulos públicos renda fixa","Tesouro Nacional"
17,"O que é taxa Selic?","A Selic é a taxa básica de juros da economia brasileira e influencia diversas outras taxas de juros praticadas no mercado.","Selic juros economia","Banco Central do Brasil"
18,"O que é crédito rotativo?","Crédito rotativo é uma modalidade associada ao pagamento parcial da fatura do cartão de crédito, sujeita às regras e encargos aplicáveis.","cartão crédito rotativo juros","Banco Central do Brasil"
19,"O que é limite do cartão de crédito?","É o valor máximo disponibilizado pela instituição para compras no cartão, de acordo com as condições e análise de crédito realizadas.","cartão crédito limite","Conteúdo educacional"
20,"O que é inadimplência?","Inadimplência ocorre quando uma obrigação financeira não é paga dentro das condições ou do prazo estabelecido.","inadimplência dívida pagamento","Conteúdo educacional"
21,"Como organizar as dívidas?","Uma estratégia é listar as dívidas, verificar valores, taxas e prazos, priorizar o orçamento e avaliar alternativas de negociação quando necessário.","dívidas organização orçamento","Conteúdo educacional"
22,"O que é planejamento financeiro?","Planejamento financeiro consiste em organizar receitas, despesas, objetivos e recursos para tomar decisões financeiras de forma mais consciente.","planejamento financeiro orçamento","Conteúdo educacional"
23,"O que são gastos fixos?","Gastos fixos são despesas que tendem a permanecer relativamente estáveis de um período para outro, como determinadas mensalidades e parcelas.","gastos fixos orçamento despesas","Conteúdo educacional"
24,"O que são gastos variáveis?","Gastos variáveis são despesas cujo valor pode mudar de acordo com o consumo ou as circunstâncias, como alimentação, lazer e transporte.","gastos variáveis orçamento despesas","Conteúdo educacional"
25,"O que é débito automático?","Débito automático é um serviço que permite o pagamento automático de determinadas contas na data definida, utilizando uma conta bancária autorizada.","débito automático pagamentos conta","Conteúdo educacional"
26,"Como evitar golpes financeiros?","Desconfie de pedidos inesperados de dinheiro ou dados pessoais, confirme informações por canais oficiais e evite clicar em links suspeitos.","golpes segurança fraude phishing","Conteúdo educacional"
27,"O que é phishing?","Phishing é uma tentativa de obter informações por meio de mensagens, sites ou comunicações fraudulentas que procuram se passar por instituições ou pessoas legítimas.","phishing segurança fraude","Conteúdo educacional"
28,"É seguro compartilhar senha bancária?","Senhas bancárias são informações pessoais e não devem ser compartilhadas. Instituições legítimas não devem exigir que você revele sua senha para realizar procedimentos comuns.","senha segurança banco fraude","Conteúdo educacional"
29,"O que fazer ao receber um Pix suspeito?","Evite seguir instruções desconhecidas ou devolver valores para contas diferentes sem verificar a situação. Em caso de dúvida, procure a instituição financeira pelos canais oficiais.","Pix segurança fraude pagamentos","Conteúdo educacional"
30,"O que é orçamento mensal?","É um planejamento das receitas e despesas previstas para um determinado mês, permitindo acompanhar o uso do dinheiro e ajustar os gastos aos objetivos.","orçamento mensal planejamento despesas","Conteúdo educacional"
31,"Qual a diferença entre necessidade e desejo?","Necessidades são gastos relacionados a itens ou serviços essenciais, enquanto desejos estão relacionados a compras que podem ser adiadas ou substituídas.","necessidade desejo consumo orçamento","Conteúdo educacional"
32,"O que é patrimônio?","Patrimônio representa o conjunto de bens, direitos e obrigações financeiras de uma pessoa ou organização em determinado momento.","patrimônio bens finanças","Conteúdo educacional"
33,"O que é educação financeira?","Educação financeira é o processo de desenvolver conhecimentos e habilidades para compreender e administrar recursos financeiros e tomar decisões mais conscientes.","educação financeira planejamento","Conteúdo educacional"
34,"O que é uma conta corrente?","Conta corrente é uma modalidade de conta bancária utilizada para movimentações financeiras, como pagamentos, transferências e recebimentos, conforme os serviços oferecidos pela instituição.","conta corrente banco pagamentos","Conteúdo educacional"
35,"O que é uma conta poupança?","Conta poupança é uma modalidade de depósito que possui regras próprias de remuneração e movimentação, conforme a regulamentação aplicável.","poupança conta investimentos","Conteúdo educacional"