data,descricao,categoria,valor,tipo
2026-09-01,Salário,receita,5200.00,entrada
2026-09-02,Aluguel,moradia,1350.00,saida
2026-09-03,Supermercado,alimentacao,412.76,saida
2026-09-04,Spotify,lazer,21.90,saida
2026-09-05,Farmácia,saude,91.20,saida
2026-09-06,Uber,transporte,37.50,saida
2026-09-07,Restaurante,alimentacao,104.90,saida
2026-09-08,Conta de Luz,moradia,186.32,saida
2026-09-09,Freelance,receita,850.00,entrada
2026-09-10,Academia,saude,109.90,saida
2026-09-11,Combustível,transporte,210.00,saida
2026-09-12,Internet,moradia,99.90,saida
2026-09-13,Padaria,alimentacao,42.70,saida
2026-09-14,Netflix,lazer,59.90,saida
2026-09-15,Salário,receita,5200.00,entrada
2026-09-16,Consulta médica,saude,200.00,saida
2026-09-17,Ônibus,transporte,19.80,saida
2026-09-18,Lanche,alimentacao,31.50,saida
2026-09-19,Camiseta,compras,89.90,saida
2026-09-20,Conta de Água,moradia,88.35,saida
2026-09-21,Curso de programação,educacao,149.90,saida
2026-09-22,Restaurante,alimentacao,118.40,saida
2026-09-23,Estacionamento,transporte,32.00,saida
2026-09-24,Medicamentos,saude,58.60,saida
2026-09-25,Cinema,lazer,82.00,saida
2026-09-26,Manutenção do celular,tecnologia,120.00,saida
